Timestamp,Scheduler Triggered,Prospects Found,Messages Generated,Messages Sent,Failures
2026-06-12 10:08:07,Yes,57,29,1,0
2026-06-12 12:54:34,Yes,457,258,35,1
2026-06-12 13:00:40,Yes,143,80,7,5
2026-06-12 15:02:21,Yes,2774,1600,335,5
2026-07-01 02:33:00,Yes,107,55,1,0
2026-07-01 03:04:21,Yes,145,75,0,5
2026-07-01 03:08:36,Yes,152,82,5,5
2026-07-01 03:25:09,Yes,2658,1359,39,5
2026-08-20 00:23:55,Yes,28,24,3,2
2026-08-20 00:23:56,Yes,100,50,0,0
2026-08-20 00:23:56,Yes,28,14,0,0
2026-08-20 00:36:26,Yes,63,49,32,1
2026-08-20 00:36:37,Yes,280,140,0,0
2026-08-20 00:36:40,Yes,28,14,0,0
2026-08-20 00:36:54,Yes,55,49,43,0
2026-08-20 00:36:56,Yes,280,140,0,0
2026-08-20 00:36:56,Yes,28,14,0,0
2026-08-21 05:33:53,Yes,113,90,65,0
2026-08-21 05:34:32,Yes,276,139,1,1
2026-08-21 05:34:32,Yes,2,1,0,0
